sku,product_url,image_path,width,height,file_size_kb,status,issues
FM-212050093,https://naturalbe.com.co/producto/alimento-en-polvo-nutren-senior-nestle-sin-sabor-lata-x-740-gr.html,cache_images\normalized\FM-212050093.jpg,1200,630,26.0,ok,
NUTRA-BIPRO_COMPLEX,https://naturalbe.com.co/producto/bipro-complex.html,cache_images\normalized\NUTRA-BIPRO_COMPLEX.jpg,1200,630,26.0,ok,
FM-229250235,https://naturalbe.com.co/producto/nutren-glytrol-polvo-vainilla-x-380-gr.html,cache_images\normalized\FM-229250235.jpg,1200,630,26.0,ok,
FM-212050077,https://naturalbe.com.co/producto/alimento-en-polvo-nutren-senior-nestle-sin-sabor-lata-x-370-gr.html,cache_images\normalized\FM-212050077.jpg,1200,630,26.0,ok,
728,https://naturalbe.com.co/producto/calcio-essential-magnesio-fosforo-vainilla.html,cache_images\normalized\728.jpg,1200,630,26.0,ok,
TONA-CAB-415ML-415,https://naturalbe.com.co/producto/acondicionador-tio-nacho-aclarante-manzanilla-415ml.html,cache_images\normalized\TONA-CAB-415ML-415.jpg,1200,630,26.0,ok,
NUTRA-BIPRO_CLASSIC_VAINILLA_3LB,https://naturalbe.com.co/producto/bipro-classic-vainilla-3lb.html,cache_images\normalized\NUTRA-BIPRO_CLASSIC_VAINILLA_3LB.jpg,1200,630,26.0,ok,
FM-1026565,https://naturalbe.com.co/producto/glucerna-vainilla-polvo-x-400-gr.html,cache_images\normalized\FM-1026565.jpg,1200,630,26.0,ok,
FM-212050069,https://naturalbe.com.co/producto/alimento-en-polvo-nutren-senior-nestle-sabor-a-vainilla-lata-x-370-gr.html,cache_images\normalized\FM-212050069.jpg,1200,630,26.0,ok,
FM-1017009,https://naturalbe.com.co/producto/ensure-vainilla-polvo-x-400-gr.html,cache_images\normalized\FM-1017009.jpg,1200,630,26.0,ok,
SATI-MAGCIT-60,https://naturalbe.com.co/producto/magnesio-citrato-satibo-60-capsulas.html,cache_images\normalized\SATI-MAGCIT-60.jpg,1200,630,26.0,ok,
FM-235100241,https://naturalbe.com.co/producto/pediasure-10-sabor-vainilla-lata-x-850-gr.html,cache_images\normalized\FM-235100241.jpg,1200,630,26.0,ok,
VITA-DIG-18,https://naturalbe.com.co/producto/vinagre-alcachofa.html,cache_images\normalized\VITA-DIG-18.jpg,1200,630,26.0,ok,
TONA-CAB-415ML-415-02,https://naturalbe.com.co/producto/acondicionador-tio-nacho-anti-dano-aloe-vera-415ml.html,cache_images\normalized\TONA-CAB-415ML-415-02.jpg,1200,630,26.0,ok,
NB-CAB-60ML-60,https://naturalbe.com.co/producto/minoxidil.html,cache_images\normalized\NB-CAB-60ML-60.jpg,1200,630,26.0,ok,
FM-1050596,https://naturalbe.com.co/producto/ensure-advance-vainilla-con-proteina-hmb-polvo-x-850-gr.html,cache_images\normalized\FM-1050596.jpg,1200,630,26.0,ok,
TONA-CAB-112,https://naturalbe.com.co/producto/shampoo-tio-nacho-aclarante-manzanilla-1l.html,cache_images\normalized\TONA-CAB-112.jpg,1200,630,26.0,ok,
SATI-MAGPOT-60,https://naturalbe.com.co/producto/magnesio-potasio-satibo-60-capsulas.html,cache_images\normalized\SATI-MAGPOT-60.jpg,1200,630,26.0,ok,
734,https://naturalbe.com.co/producto/calcio-magnesio-fosforo-essential-vitamins.html,cache_images\normalized\734.jpg,1200,630,26.0,ok,
MN-CORALCALCIUM-60,https://naturalbe.com.co/producto/coral-calcium-1000mg-vitamin-d-60-softgels.html,cache_images\normalized\MN-CORALCALCIUM-60.jpg,1200,630,26.0,ok,
NUTRA-BIPRO_CLASSIC_COOKIES_CREAM_3LB,https://naturalbe.com.co/producto/bipro-classic-cookies-cream-3lb.html,cache_images\normalized\NUTRA-BIPRO_CLASSIC_COOKIES_CREAM_3LB.jpg,1200,630,26.0,ok,
TQ-DIG-32,https://naturalbe.com.co/producto/bonfiest-plus-32-sobres.html,cache_images\normalized\TQ-DIG-32.jpg,1200,630,26.0,ok,
FM-106461745,https://naturalbe.com.co/producto/ensure-advance-fresa-con-proteina-hmb-polvo-x-400-gr.html,cache_images\normalized\FM-106461745.jpg,1200,630,26.0,ok,
756,https://naturalbe.com.co/producto/am-pm-30-fiber-30-herbs-30-30-tabletas-healthy-america.html,cache_images\normalized\756.jpg,1200,630,26.0,ok,
731,https://naturalbe.com.co/producto/citrato-magnesio-mgpro-polvo.html,cache_images\normalized\731.jpg,1200,630,26.0,ok,
VITA-DIG-17,https://naturalbe.com.co/producto/vinagre-manzana.html,cache_images\normalized\VITA-DIG-17.jpg,1200,630,26.0,ok,
NUTRA-BIPRO_CLASSIC_CHOCOLATE_2LB,https://naturalbe.com.co/producto/bipro-classic-chocolate-2lb.html,cache_images\normalized\NUTRA-BIPRO_CLASSIC_CHOCOLATE_2LB.jpg,1200,630,26.0,ok,
FM-206650228,https://naturalbe.com.co/producto/ensure-advance-chocolate-con-proteina-hmb-polvo-x-400-gr.html,cache_images\normalized\FM-206650228.jpg,1200,630,26.0,ok,
TQ-SKN-30ML-30,https://naturalbe.com.co/producto/clotrimazol-mk-solucion-topica-30ml.html,cache_images\normalized\TQ-SKN-30ML-30.jpg,1200,630,26.0,ok,
TQ-SKN-60G-60,https://naturalbe.com.co/producto/blankisima-crema-60g.html,cache_images\normalized\TQ-SKN-60G-60.jpg,1200,630,26.0,ok,
FUNAT-CITRATO-DE-MAGNESIO-EN-POLVO-240GR,https://naturalbe.com.co/producto/citrato-de-magnesio-en-polvo-240gr.html,cache_images\normalized\FUNAT-CITRATO-DE-MAGNESIO-EN-POLVO-240GR.jpg,1200,630,26.0,ok,
736,https://naturalbe.com.co/producto/citrato-magnesio-essential-vitamins.html,cache_images\normalized\736.jpg,1200,630,26.0,ok,
751,https://naturalbe.com.co/producto/fibaxil-120-capsulas.html,cache_images\normalized\751.jpg,1200,630,26.0,ok,
NUTRA-BIPRO_CLASSIC_CAPUCCINO_3LB,https://naturalbe.com.co/producto/bipro-classic-capuccino-3lb.html,cache_images\normalized\NUTRA-BIPRO_CLASSIC_CAPUCCINO_3LB.jpg,1200,630,26.0,ok,
FM-224700233,https://naturalbe.com.co/producto/pediasure-peptigro-fresa-lata-x-400-gr.html,cache_images\normalized\FM-224700233.jpg,1200,630,26.0,ok,
BOTA-MAG-90,https://naturalbe.com.co/producto/citrato-de-magnesio-botanitas-90-caps.html,cache_images\normalized\BOTA-MAG-90.jpg,1200,630,26.0,ok,
TONA-CAB-415ML-415-04,https://naturalbe.com.co/producto/acondicionador-tio-nacho-anti-canas-henna-415ml.html,cache_images\normalized\TONA-CAB-415ML-415-04.jpg,1200,630,26.0,ok,
TONA-CAB-200ML-200,https://naturalbe.com.co/producto/shampoo-tio-nacho-engrosador-jalea-real-200ml.html,cache_images\normalized\TONA-CAB-200ML-200.jpg,1200,630,26.0,ok,
FUNAT-BE-PURE-PROTEIN-1LB,https://naturalbe.com.co/producto/be-pure-protein-1lb.html,cache_images\normalized\FUNAT-BE-PURE-PROTEIN-1LB.jpg,1200,630,26.0,ok,
FM-239100214,https://naturalbe.com.co/producto/ensure-advance-cafe-lata-x-400-gr.html,cache_images\normalized\FM-239100214.jpg,1200,630,26.0,ok,
FUNAT-BCAA-EVOLUTION,https://naturalbe.com.co/producto/bcaa-evolution.html,cache_images\normalized\FUNAT-BCAA-EVOLUTION.jpg,1200,630,26.0,ok,
FM-224700241,https://naturalbe.com.co/producto/complemento-nutricional-pediasure-peptigro-vainilla-polvo-x-850-gr.html,cache_images\normalized\FM-224700241.jpg,1200,630,26.0,ok,
TQ-SEN-30,https://naturalbe.com.co/producto/content-medical-l-30-unidades.html,cache_images\normalized\TQ-SEN-30.jpg,1200,630,26.0,ok,
FUNAT-ARGI-MAX-350-G,https://naturalbe.com.co/producto/argi-max-350-g.html,cache_images\normalized\FUNAT-ARGI-MAX-350-G.jpg,1200,630,26.0,ok,
TONA-CAB-415ML-415-05,https://naturalbe.com.co/producto/acondicionador-tio-nacho-proteccion-y-fuerza-415ml.html,cache_images\normalized\TONA-CAB-415ML-415-05.jpg,1200,630,26.0,ok,
FM-224700250,https://naturalbe.com.co/producto/complemento-nutricional-pediasure-peptigro-vainilla-polvo-x-400-gr.html,cache_images\normalized\FM-224700250.jpg,1200,630,26.0,ok,
TQ-ANTIS-23,https://naturalbe.com.co/producto/alcohol-70-mk-galon-37l.html,cache_images\normalized\TQ-ANTIS-23.jpg,1200,630,26.0,ok,
TQ-SKN-60ML-60,https://naturalbe.com.co/producto/acid-ness-mk-60ml.html,cache_images\normalized\TQ-SKN-60ML-60.jpg,1200,630,26.0,ok,
TONA-CAB-415ML-415-03,https://naturalbe.com.co/producto/acondicionador-tio-nacho-anti-edad-jalea-real-415ml.html,cache_images\normalized\TONA-CAB-415ML-415-03.jpg,1200,630,26.0,ok,
FUNAT-100-WHEY-2-LB-VAINILLA,https://naturalbe.com.co/producto/100-whey-2-lb-vainilla.html,cache_images\normalized\FUNAT-100-WHEY-2-LB-VAINILLA.jpg,1200,630,26.0,ok,
FM-237700013,https://naturalbe.com.co/producto/complemento-nutricional-pediasure-peptigro-vainilla-polvo-x-1600-gr.html,cache_images\normalized\FM-237700013.jpg,1200,630,26.0,ok,
TQ-INT-30G-30,https://naturalbe.com.co/producto/benzirin-rosa-crema-vaginal-30g.html,cache_images\normalized\TQ-INT-30G-30.jpg,1200,630,26.0,ok,
FUNAT-100-WHEY-1-LB-VAINILLA,https://naturalbe.com.co/producto/100-whey-1-lb-vainilla.html,cache_images\normalized\FUNAT-100-WHEY-1-LB-VAINILLA.jpg,1200,630,26.0,ok,
FM-224650221,https://naturalbe.com.co/producto/complemento-nutricional-pediasure-peptigro-fresa-polvo-x-850-gr.html,cache_images\normalized\FM-224650221.jpg,1200,630,26.0,ok,
FUNAT-100-MAX-ISO-3-LB-VAINILLA,https://naturalbe.com.co/producto/100-max-iso-3-lb-vainilla.html,cache_images\normalized\FUNAT-100-MAX-ISO-3-LB-VAINILLA.jpg,1200,630,26.0,ok,
FM-230950221,https://naturalbe.com.co/producto/complemento-nutricional-klim-nutriadvance-lata-x-800-gr.html,cache_images\normalized\FM-230950221.jpg,1200,630,26.0,ok,
FUNAT-100-MAX-ISO-2-LB-VAINILLA,https://naturalbe.com.co/producto/100-max-iso-2-lb-vainilla.html,cache_images\normalized\FUNAT-100-MAX-ISO-2-LB-VAINILLA.jpg,1200,630,26.0,ok,
FM-238900201,https://naturalbe.com.co/producto/alimento-en-polvo-nutren-senior-sabor-vainilla-lata-x-740-gr.html,cache_images\normalized\FM-238900201.jpg,1200,630,26.0,ok,
TONA-CAB-415ML-415-07,https://naturalbe.com.co/producto/acondicionador-tio-nacho-ultra-hidratante-coco-415ml.html,cache_images\normalized\TONA-CAB-415ML-415-07.jpg,1200,630,26.0,ok,
TQ-SKN-120ML-120,https://naturalbe.com.co/producto/acid-ness-mk-120ml.html,cache_images\normalized\TQ-SKN-120ML-120.jpg,1200,630,26.0,ok,
TONA-CAB-415ML-415-06,https://naturalbe.com.co/producto/acondicionador-tio-nacho-engrosador-415ml.html,cache_images\normalized\TONA-CAB-415ML-415-06.jpg,1200,630,26.0,ok,
TONA-CAB-415ML-415-08,https://naturalbe.com.co/producto/shampoo-tio-nacho-aclarante-natural-415ml.html,cache_images\normalized\TONA-CAB-415ML-415-08.jpg,1200,630,26.0,ok,
FM-1043564,https://naturalbe.com.co/producto/ensure-advance-vainilla-con-proteina-hmb-polvo-x-400-gr.html,cache_images\normalized\FM-1043564.jpg,1200,630,26.0,ok,
NUTRA-BIPRO_CLASSIC_VAINILLA_0_9LB,https://naturalbe.com.co/producto/bipro-classic-vainilla-0-9lb.html,cache_images\normalized\NUTRA-BIPRO_CLASSIC_VAINILLA_0_9LB.jpg,1200,630,26.0,ok,
NUTRA-BIPRO_LITE,https://naturalbe.com.co/producto/bipro-lite.html,cache_images\normalized\NUTRA-BIPRO_LITE.jpg,1200,630,26.0,ok,
NUTRA-BIPRO_MASS,https://naturalbe.com.co/producto/bipro-mass.html,cache_images\normalized\NUTRA-BIPRO_MASS.jpg,1200,630,26.0,ok,
NUTRA-BIPRO_CLASSIC_NATURAL_2LB,https://naturalbe.com.co/producto/bipro-classic-natural-2lb.html,cache_images\normalized\NUTRA-BIPRO_CLASSIC_NATURAL_2LB.jpg,1200,630,26.0,ok,
ON-CREATINE_MICRONIZED_POWDER_60_SERV,https://naturalbe.com.co/producto/creatine-micronized-powder-60-serv.html,cache_images\normalized\ON-CREATINE_MICRONIZED_POWDER_60_SERV.jpg,1200,630,26.0,ok,
FUNAT-CREATINA-PRE-UP-X300G-FUNAT,https://naturalbe.com.co/producto/creatina-pre-up-x300g-funat.html,cache_images\normalized\FUNAT-CREATINA-PRE-UP-X300G-FUNAT.jpg,1200,630,26.0,ok,
NUTRA-BIPRO_RIPPED,https://naturalbe.com.co/producto/bipro-ripped.html,cache_images\normalized\NUTRA-BIPRO_RIPPED.jpg,1200,630,26.0,ok,
ON-CREATINE_40_SERV,https://naturalbe.com.co/producto/creatine-40-serv.html,cache_images\normalized\ON-CREATINE_40_SERV.jpg,1200,630,26.0,ok,
NUTRA-CREA_STACK,https://naturalbe.com.co/producto/crea-stack.html,cache_images\normalized\NUTRA-CREA_STACK.jpg,1200,630,26.0,ok,
ON-CREATINE_POWDER_120_SERV,https://naturalbe.com.co/producto/creatine-powder-120-serv.html,cache_images\normalized\ON-CREATINE_POWDER_120_SERV.jpg,1200,630,26.0,ok,
FUNAT-ELITE-MAX-WHEY-PRO-545-GR,https://naturalbe.com.co/producto/elite-max-whey-pro-545-gr.html,cache_images\normalized\FUNAT-ELITE-MAX-WHEY-PRO-545-GR.jpg,1200,630,26.0,ok,
NUTRA-BIPRO_CLASSIC_VAINILLA_2LB,https://naturalbe.com.co/producto/bipro-classic-vainilla-2lb.html,cache_images\normalized\NUTRA-BIPRO_CLASSIC_VAINILLA_2LB.jpg,1200,630,26.0,ok,
ON-ESSENTIAL_AMIN_O_ENERGY_FRUIT_PUNCH,https://naturalbe.com.co/producto/essential-amin-o-energy-fruit-punch.html,cache_images\normalized\ON-ESSENTIAL_AMIN_O_ENERGY_FRUIT_PUNCH.jpg,1200,630,26.0,ok,
NUTRA-BURNER_STACK,https://naturalbe.com.co/producto/burner-stack.html,cache_images\normalized\NUTRA-BURNER_STACK.jpg,1200,630,26.0,ok,
FUNAT-GLUTA-MAX-350-G,https://naturalbe.com.co/producto/gluta-max-350-g.html,cache_images\normalized\FUNAT-GLUTA-MAX-350-G.jpg,1200,630,26.0,ok,
ON-GOLD_STANDARD_100_WHEY_PROTEIN_10LB,https://naturalbe.com.co/producto/gold-standard-100-whey-protein-10lb.html,cache_images\normalized\ON-GOLD_STANDARD_100_WHEY_PROTEIN_10LB.jpg,1200,630,26.0,ok,
ON-ESSENTIAL_AMIN_O_ENERGY_HYDRATION_30_SERV,https://naturalbe.com.co/producto/essential-amin-o-energy-hydration-30-serv.html,cache_images\normalized\ON-ESSENTIAL_AMIN_O_ENERGY_HYDRATION_30_SERV.jpg,1200,630,26.0,ok,
FUNAT-FUSION-VEGAN-PROTEIN-SIN-SOYA,https://naturalbe.com.co/producto/fusion-vegan-protein-sin-soya.html,cache_images\normalized\FUNAT-FUSION-VEGAN-PROTEIN-SIN-SOYA.jpg,1200,630,26.0,ok,
ON-GOLD_STANDARD_100_CASEIN,https://naturalbe.com.co/producto/gold-standard-100-casein.html,cache_images\normalized\ON-GOLD_STANDARD_100_CASEIN.jpg,1200,630,26.0,ok,
FUNAT-FUNAT-PLUS-WHEY-PROTEIN-X-3-1-LB,https://naturalbe.com.co/producto/funat-plus-whey-protein-x-3-1-lb.html,cache_images\normalized\FUNAT-FUNAT-PLUS-WHEY-PROTEIN-X-3-1-LB.jpg,1200,630,26.0,ok,
ON-GOLD_STANDARD_100_WHEY_PROTEIN_22_SERV,https://naturalbe.com.co/producto/gold-standard-100-whey-protein-22-serv.html,cache_images\normalized\ON-GOLD_STANDARD_100_WHEY_PROTEIN_22_SERV.jpg,1200,630,26.0,ok,
ON-ESSENTIAL_AMIN_O_ENERGY_30_SERV,https://naturalbe.com.co/producto/essential-amin-o-energy-30-serv.html,cache_images\normalized\ON-ESSENTIAL_AMIN_O_ENERGY_30_SERV.jpg,1200,630,26.0,ok,
ON-GOLD_STANDARD_100_ISOLATE_3_LB,https://naturalbe.com.co/producto/gold-standard-100-isolate-3-lb.html,cache_images\normalized\ON-GOLD_STANDARD_100_ISOLATE_3_LB.jpg,1200,630,26.0,ok,
ON-GOLD_STANDARD_100_WHEY_NATURALLY_FLAVORED_2_LB,https://naturalbe.com.co/producto/gold-standard-100-whey-naturally-flavored-2-lb.html,cache_images\normalized\ON-GOLD_STANDARD_100_WHEY_NATURALLY_FLAVORED_2_LB.jpg,1200,630,26.0,ok,
FUNAT-ISO-HIDROLIZADA-VAINILLA-908GR,https://naturalbe.com.co/producto/iso-hidrolizada-vainilla-908gr.html,cache_images\normalized\FUNAT-ISO-HIDROLIZADA-VAINILLA-908GR.jpg,1200,630,26.0,ok,
ON-GOLD_STANDARD_100_WHEY_PROTEIN_10_SERV,https://naturalbe.com.co/producto/gold-standard-100-whey-protein-10-serv.html,cache_images\normalized\ON-GOLD_STANDARD_100_WHEY_PROTEIN_10_SERV.jpg,1200,630,26.0,ok,
ON-GOLD_STANDARD_100_WHEY_PROTEIN_4_LB,https://naturalbe.com.co/producto/gold-standard-100-whey-protein-4-lb.html,cache_images\normalized\ON-GOLD_STANDARD_100_WHEY_PROTEIN_4_LB.jpg,1200,630,26.0,ok,
ON-GOLD_STANDARD_100_ISOLATE_5_LB,https://naturalbe.com.co/producto/gold-standard-100-isolate-5-lb.html,cache_images\normalized\ON-GOLD_STANDARD_100_ISOLATE_5_LB.jpg,1200,630,26.0,ok,
ON-GOLD_STANDARD_100_WHEY_NATURALLY_FLAVORED_4_LB,https://naturalbe.com.co/producto/gold-standard-100-whey-naturally-flavored-4-lb.html,cache_images\normalized\ON-GOLD_STANDARD_100_WHEY_NATURALLY_FLAVORED_4_LB.jpg,1200,630,26.0,ok,
ON-GOLD_STANDARD_PROTEIN_SHAKE_325_ML,https://naturalbe.com.co/producto/gold-standard-protein-shake-325-ml.html,cache_images\normalized\ON-GOLD_STANDARD_PROTEIN_SHAKE_325_ML.jpg,1200,630,26.0,ok,
NUTRA-NITRO_SHOCK_FRUTOS_ROJOS,https://naturalbe.com.co/producto/nitro-shock-frutos-rojos.html,cache_images\normalized\NUTRA-NITRO_SHOCK_FRUTOS_ROJOS.jpg,1200,630,26.0,ok,
ON-PLATINUM_HYDROWHEY,https://naturalbe.com.co/producto/platinum-hydrowhey.html,cache_images\normalized\ON-PLATINUM_HYDROWHEY.jpg,1200,630,26.0,ok,
FUNAT-MAX-POWER-1000-G-MIX-DE-FRUTAS,https://naturalbe.com.co/producto/max-power-1000-g-mix-de-frutas.html,cache_images\normalized\FUNAT-MAX-POWER-1000-G-MIX-DE-FRUTAS.jpg,1200,630,26.0,ok,
ON-GOLD_STANDARD_100_WHEY,https://naturalbe.com.co/producto/gold-standard-100-whey.html,cache_images\normalized\ON-GOLD_STANDARD_100_WHEY.jpg,1200,630,26.0,ok,
FUNAT-MAX-HIPER-2-LB-VAINILLA,https://naturalbe.com.co/producto/max-hiper-2-lb-vainilla.html,cache_images\normalized\FUNAT-MAX-HIPER-2-LB-VAINILLA.jpg,1200,630,26.0,ok,
FUNAT-MAX-HIPER-5-LB-VAINILLA,https://naturalbe.com.co/producto/max-hiper-5-lb-vainilla.html,cache_images\normalized\FUNAT-MAX-HIPER-5-LB-VAINILLA.jpg,1200,630,26.0,ok,
ON-GOLD_STANDARD_100_WHEY_PROTEIN_5LB,https://naturalbe.com.co/producto/gold-standard-100-whey-protein-5lb.html,cache_images\normalized\ON-GOLD_STANDARD_100_WHEY_PROTEIN_5LB.jpg,1200,630,26.0,ok,
FUNAT-PURE-HYDROLYZED-5-2-LB,https://naturalbe.com.co/producto/pure-hydrolyzed-5-2-lb.html,cache_images\normalized\FUNAT-PURE-HYDROLYZED-5-2-LB.jpg,1200,630,26.0,ok,
FUNAT-SACHET-ARGI-MAX-8-G,https://naturalbe.com.co/producto/sachet-argi-max-8-g.html,cache_images\normalized\FUNAT-SACHET-ARGI-MAX-8-G.jpg,1200,630,26.0,ok,
FUNAT-VEGAN-PROTEIN-BLEND-700-G,https://naturalbe.com.co/producto/vegan-protein-blend-700-g.html,cache_images\normalized\FUNAT-VEGAN-PROTEIN-BLEND-700-G.jpg,1200,630,26.0,ok,
ON-WHEY_GOURMET_SERIES_2_LB,https://naturalbe.com.co/producto/whey-gourmet-series-2-lb.html,cache_images\normalized\ON-WHEY_GOURMET_SERIES_2_LB.jpg,1200,630,26.0,ok,
FUNAT-WHEY-PROTEIN-HARDCORE-5LB-VAINILLA-FUNAT,https://naturalbe.com.co/producto/whey-protein-hardcore-5lb-vainilla-funat.html,cache_images\normalized\FUNAT-WHEY-PROTEIN-HARDCORE-5LB-VAINILLA-FUNAT.jpg,1200,630,26.0,ok,
FUNAT-PREFORCE-350-G,https://naturalbe.com.co/producto/preforce-350-g.html,cache_images\normalized\FUNAT-PREFORCE-350-G.jpg,1200,630,26.0,ok,
NUTRA-ISOCLEAN_2LB,https://naturalbe.com.co/producto/isoclean-2lb.html,cache_images\normalized\NUTRA-ISOCLEAN_2LB.jpg,1200,630,26.0,ok,
ON-SERIOUS_MASS_12_LB,https://naturalbe.com.co/producto/serious-mass-12-lb.html,cache_images\normalized\ON-SERIOUS_MASS_12_LB.jpg,1200,630,26.0,ok,
BOTA-AJO-100,https://naturalbe.com.co/producto/ajo-botanitas-100-capsulas.html,cache_images\normalized\BOTA-AJO-100.jpg,1200,630,26.0,ok,
SATI-ALCABIL-360,https://naturalbe.com.co/producto/alcabil-satibo-jarabe-360ml.html,cache_images\normalized\SATI-ALCABIL-360.jpg,1200,630,26.0,ok,
BOTA-ALCA-100,https://naturalbe.com.co/producto/alcachofa-botanitas-100-capsulas.html,cache_images\normalized\BOTA-ALCA-100.jpg,1200,630,26.0,ok,
758,https://naturalbe.com.co/producto/alive-ginseng-ginkgo-biloba-complex-60-softgels-healthy-america.html,cache_images\normalized\758.jpg,1200,630,26.0,ok,
TQ-MED-12G-12,https://naturalbe.com.co/producto/alivrub-mk-unguento-12latas.html,cache_images\normalized\TQ-MED-12G-12.jpg,1200,630,26.0,ok,
FUNAT-UP-GEL-SABOR-SANDIA-32-GR,https://naturalbe.com.co/producto/up-gel-sabor-sandia-32-gr.html,cache_images\normalized\FUNAT-UP-GEL-SABOR-SANDIA-32-GR.jpg,1200,630,26.0,ok,
ON-SERIOUS_MASS_6_LB,https://naturalbe.com.co/producto/serious-mass-6-lb.html,cache_images\normalized\ON-SERIOUS_MASS_6_LB.jpg,1200,630,26.0,ok,
FUNAT-MAX-CREA-1-LB-FRUTOS-ROJOS,https://naturalbe.com.co/producto/max-crea-1-lb-frutos-rojos.html,cache_images\normalized\FUNAT-MAX-CREA-1-LB-FRUTOS-ROJOS.jpg,1200,630,26.0,ok,
FUNAT-493,https://naturalbe.com.co/producto/alcachofa-compuesta-100-capsulas.html,cache_images\normalized\FUNAT-493.jpg,1200,630,26.0,ok,
FUNAT-WHEY-PROTEIN-HARDCORE-CHOCOLATE-2-LB,https://naturalbe.com.co/producto/whey-protein-hardcore-chocolate-2-lb.html,cache_images\normalized\FUNAT-WHEY-PROTEIN-HARDCORE-CHOCOLATE-2-LB.jpg,1200,630,26.0,ok,
ON-SERIOUS_MASS_3_LB,https://naturalbe.com.co/producto/serious-mass-3-lb.html,cache_images\normalized\ON-SERIOUS_MASS_3_LB.jpg,1200,630,26.0,ok,
FUNAT-100-MAX-1-LB-VAINILLA,https://naturalbe.com.co/producto/100-max-1-lb-vainilla.html,cache_images\normalized\FUNAT-100-MAX-1-LB-VAINILLA.jpg,1200,630,26.0,ok,
FUNAT-580,https://naturalbe.com.co/producto/antax-170-ml.html,cache_images\normalized\FUNAT-580.jpg,1200,630,26.0,ok,
FUNAT-UP-GEL-SABOR-BANANO-32-GR,https://naturalbe.com.co/producto/up-gel-sabor-banano-32-gr.html,cache_images\normalized\FUNAT-UP-GEL-SABOR-BANANO-32-GR.jpg,1200,630,26.0,ok,
FUNAT-672,https://naturalbe.com.co/producto/artritend-harpagofito-30-capsulas-blandas.html,cache_images\normalized\FUNAT-672.jpg,1200,630,26.0,ok,
PROC-OM3-20,https://naturalbe.com.co/producto/aceite-higado-bacalao.html,cache_images\normalized\PROC-OM3-20.jpg,1200,630,26.0,ok,
FUNAT-81035,https://naturalbe.com.co/producto/antax-sachet-caja-x-10-uds.html,cache_images\normalized\FUNAT-81035.jpg,1200,630,26.0,ok,
FUNAT-67859,https://naturalbe.com.co/producto/antax-sachet-x-15-ml.html,cache_images\normalized\FUNAT-67859.jpg,1200,630,26.0,ok,
FUNAT-492,https://naturalbe.com.co/producto/antax-360-ml.html,cache_images\normalized\FUNAT-492.jpg,1200,630,26.0,ok,
FUNAT-789,https://naturalbe.com.co/producto/antax-calendula-masticable-10-tabletas.html,cache_images\normalized\FUNAT-789.jpg,1200,630,26.0,ok,
SATI-ALOE-360,https://naturalbe.com.co/producto/aloe-vera-satibo-jarabe-360ml.html,cache_images\normalized\SATI-ALOE-360.jpg,1200,630,26.0,ok,
HA-SUP-30,https://naturalbe.com.co/producto/b-complex-b12-healthy-america-30-tabletas.html,cache_images\normalized\HA-SUP-30.jpg,1200,630,26.0,ok,
789,https://naturalbe.com.co/producto/beephy-protein-936g-26-servings-vainilla-healthy-sports.html,cache_images\normalized\789.jpg,1200,630,26.0,ok,
TQ-MED-45ML-45,https://naturalbe.com.co/producto/benzirin-forte-ad-45ml.html,cache_images\normalized\TQ-MED-45ML-45.jpg,1200,630,26.0,ok,
780,https://naturalbe.com.co/producto/bcaa-192g-15-servings-fruit-punch-healthy-sports.html,cache_images\normalized\780.jpg,1200,630,26.0,ok,
779,https://naturalbe.com.co/producto/barbarus-910g-vainilla-6-servings-healthy-sports.html,cache_images\normalized\779.jpg,1200,630,26.0,ok,
776,https://naturalbe.com.co/producto/bcaa-matrix-silk-amino-3000mg-90-caplets-healthy-sports.html,cache_images\normalized\776.jpg,1200,630,26.0,ok,
HA-SUP-50,https://naturalbe.com.co/producto/b-100-complex-healthy-america-50-tabletas.html,cache_images\normalized\HA-SUP-50.jpg,1200,630,26.0,ok,
726,https://naturalbe.com.co/producto/besure-nutricion-especializada-fresa.html,cache_images\normalized\726.jpg,1200,630,26.0,ok,
747,https://naturalbe.com.co/producto/bon-nuit-100-capsulas.html,cache_images\normalized\747.jpg,1200,630,26.0,ok,
HA-SUP-60,https://naturalbe.com.co/producto/b-50-complex-healthy-america-60-softgels.html,cache_images\normalized\HA-SUP-60.jpg,1200,630,26.0,ok,
765,https://naturalbe.com.co/producto/bioxin-60-softgels-healthy-america.html,cache_images\normalized\765.jpg,1200,630,26.0,ok,
785,https://naturalbe.com.co/producto/bcaa-384g-30-servings-fruit-punch-healthy-sports.html,cache_images\normalized\785.jpg,1200,630,26.0,ok,
BOTA-ARAN-60,https://naturalbe.com.co/producto/arandano-botanitas-60-capsulas.html,cache_images\normalized\BOTA-ARAN-60.jpg,1200,630,26.0,ok,
FUNAT-605,https://naturalbe.com.co/producto/bronquinat-totumo-sin-azucar-240-ml.html,cache_images\normalized\FUNAT-605.jpg,1200,630,26.0,ok,
TQ-MED-120ML-120,https://naturalbe.com.co/producto/benzirin-forte-120ml.html,cache_images\normalized\TQ-MED-120ML-120.jpg,1200,630,26.0,ok,
742,https://naturalbe.com.co/producto/cartilago-de-tiburon-750mg-100-capsulas.html,cache_images\normalized\742.jpg,1200,630,26.0,ok,
BOTA-CASC-100,https://naturalbe.com.co/producto/cascara-sagrada-botanitas-100-capsulas.html,cache_images\normalized\BOTA-CASC-100.jpg,1200,630,26.0,ok,
NB-BONE-30,https://naturalbe.com.co/producto/caltrate-vitamina-d.html,cache_images\normalized\NB-BONE-30.jpg,1200,630,26.0,ok,
SATI-CARDO-60,https://naturalbe.com.co/producto/cardo-mariano-satibo-60-capsulas.html,cache_images\normalized\SATI-CARDO-60.jpg,1200,630,26.0,ok,
SATI-ASH-60,https://naturalbe.com.co/producto/ashwagandha-satibo-60-capsulas.html,cache_images\normalized\SATI-ASH-60.jpg,1200,630,26.0,ok,
782,https://naturalbe.com.co/producto/beta-alanina-3200mg-120-capsulas-healthy-sports.html,cache_images\normalized\782.jpg,1200,630,26.0,ok,
BOTA-BETA-01,https://naturalbe.com.co/producto/betacarotenos-botanitas.html,cache_images\normalized\BOTA-BETA-01.jpg,1200,630,26.0,ok,
FUNAT-494,https://naturalbe.com.co/producto/castano-de-indias-80-capsulas.html,cache_images\normalized\FUNAT-494.jpg,1200,630,26.0,ok,
HA-SUP-100MG-100,https://naturalbe.com.co/producto/chlorophyll-100mg-100softgels.html,cache_images\normalized\HA-SUP-100MG-100.jpg,1200,630,26.0,ok,
HA-SUP-60-02,https://naturalbe.com.co/producto/cistixin-60softgels.html,cache_images\normalized\HA-SUP-60-02.jpg,1200,630,26.0,ok,
BOTA-CAL-100T,https://naturalbe.com.co/producto/calendula-botanitas-100-tabletas.html,cache_images\normalized\BOTA-CAL-100T.jpg,1200,630,26.0,ok,
777,https://naturalbe.com.co/producto/cla-1500mg-90-softgels-healthy-sports.html,cache_images\normalized\777.jpg,1200,630,26.0,ok,
BOTA-CAL-100C,https://naturalbe.com.co/producto/calendula-botanitas-100-capsulas.html,cache_images\normalized\BOTA-CAL-100C.jpg,1200,630,26.0,ok,
733,https://naturalbe.com.co/producto/colageno-marino-essential-vitamins-600mg.html,cache_images\normalized\733.jpg,1200,630,26.0,ok,
727,https://naturalbe.com.co/producto/colageno-marino-vitamins-vainilla-750g.html,cache_images\normalized\727.jpg,1200,630,26.0,ok,
BOTA-COL-BIO-100,https://naturalbe.com.co/producto/colageno-hidrolizado-biotina-botanitas-100-caps.html,cache_images\normalized\BOTA-COL-BIO-100.jpg,1200,630,26.0,ok,
VITA-COL-1000ML-1000,https://naturalbe.com.co/producto/colageno-hidrolizado-liquido.html,cache_images\normalized\VITA-COL-1000ML-1000.jpg,1200,630,26.0,ok,
741,https://naturalbe.com.co/producto/colageno-hidrolizado-1500mg-vitamina-c-100-capsulas-juvenal.html,cache_images\normalized\741.jpg,1200,630,26.0,ok,
SATI-COLL-360,https://naturalbe.com.co/producto/collagen-plus-satibo-jarabe-360ml.html,cache_images\normalized\SATI-COLL-360.jpg,1200,630,26.0,ok,
772,https://naturalbe.com.co/producto/creatina-micronizada-monohidratada-300g-healthy-sports.html,cache_images\normalized\772.jpg,1200,630,26.0,ok,
SATI-CLORO-360,https://naturalbe.com.co/producto/clorofil-satibo-jarabe-360ml.html,cache_images\normalized\SATI-CLORO-360.jpg,1200,630,26.0,ok,
SATI-COL-POLVO-700,https://naturalbe.com.co/producto/colageno-polvo-satibo-700g.html,cache_images\normalized\SATI-COL-POLVO-700.jpg,1200,630,26.0,ok,
725,https://naturalbe.com.co/producto/colageno-essential-hidrolizado-vainilla-750g.html,cache_images\normalized\725.jpg,1200,630,26.0,ok,
729,https://naturalbe.com.co/producto/calostro-vitamins-polvo-vainilla-750g.html,cache_images\normalized\729.jpg,1200,630,26.0,ok,
775,https://naturalbe.com.co/producto/creatina-micronizada-monohidratada-150g-50-servings-healthy-sports.html,cache_images\normalized\775.jpg,1200,630,26.0,ok,
762,https://naturalbe.com.co/producto/dyroid-60-capsulas-healthy-america.html,cache_images\normalized\762.jpg,1200,630,26.0,ok,
763,https://naturalbe.com.co/producto/cascara-sagrada-450mg-60-softgels-healthy-america.html,cache_images\normalized\763.jpg,1200,630,26.0,ok,
FUNA-COL-45G-45,https://naturalbe.com.co/producto/colageno-biotina-gomas.html,cache_images\normalized\FUNA-COL-45G-45.jpg,1200,630,26.0,ok,
786,https://naturalbe.com.co/producto/creatine-monohydrate-120-capsulas-healthy-sports.html,cache_images\normalized\786.jpg,1200,630,26.0,ok,
FUNAT-651,https://naturalbe.com.co/producto/alcachofa-extracto-60-ml.html,cache_images\normalized\FUNAT-651.jpg,1200,630,26.0,ok,
BOTA-DIEN-100,https://naturalbe.com.co/producto/diente-de-leon-botanitas-100-capsulas.html,cache_images\normalized\BOTA-DIEN-100.jpg,1200,630,26.0,ok,
FUNAT-COMPRA-CLORURO-DE-MAGNESIO-Y-LLEVA-LA-SEGUNDA-UNIDAD-CON-30-OFF,https://naturalbe.com.co/producto/compra-cloruro-de-magnesio-y-lleva-la-segunda-unidad-con-30-off.html,cache_images\normalized\FUNAT-COMPRA-CLORURO-DE-MAGNESIO-Y-LLEVA-LA-SEGUNDA-UNIDAD-CON-30-OFF.jpg,1200,630,26.0,ok,
FUNAT-827,https://naturalbe.com.co/producto/extracto-de-passiflora-60-ml.html,cache_images\normalized\FUNAT-827.jpg,1200,630,26.0,ok,
FUNAT-638,https://naturalbe.com.co/producto/urifin-vira-vira-extracto-60-ml.html,cache_images\normalized\FUNAT-638.jpg,1200,630,26.0,ok,
FUNAT-590,https://naturalbe.com.co/producto/extracto-de-calendula-60-ml.html,cache_images\normalized\FUNAT-590.jpg,1200,630,26.0,ok,
SATI-DURON-01,https://naturalbe.com.co/producto/duron-satibo-jarabe.html,cache_images\normalized\SATI-DURON-01.jpg,1200,630,26.0,ok,
HA-SUP-250MG,https://naturalbe.com.co/producto/echinacea-purpurea-250mg-100caps.html,cache_images\normalized\HA-SUP-250MG.jpg,1200,630,26.0,ok,
752,https://naturalbe.com.co/producto/ginkgo-biloba-60mg-60-softgels-healthy-america.html,cache_images\normalized\752.jpg,1200,630,26.0,ok,
744,https://naturalbe.com.co/producto/ginkgo-biloba-60mg-100-capsulas.html,cache_images\normalized\744.jpg,1200,630,26.0,ok,
764,https://naturalbe.com.co/producto/ginseng-complete-420mg-60-softgels-healthy-america.html,cache_images\normalized\764.jpg,1200,630,26.0,ok,
HA-SUP-1200MG-60,https://naturalbe.com.co/producto/fish-oil-omega3-1200mg-60softgels.html,cache_images\normalized\HA-SUP-1200MG-60.jpg,1200,630,26.0,ok,
SATI-GOMAS-60,https://naturalbe.com.co/producto/gomas-vinagre-manzana-satibo-60.html,cache_images\normalized\SATI-GOMAS-60.jpg,1200,630,26.0,ok,
FUNAT-491,https://naturalbe.com.co/producto/fibrafrut-200-g.html,cache_images\normalized\FUNAT-491.jpg,1200,630,26.0,ok,
FUNAT-495,https://naturalbe.com.co/producto/hepanat-silimarina-30-softgels.html,cache_images\normalized\FUNAT-495.jpg,1200,630,26.0,ok,
771,https://naturalbe.com.co/producto/hmb-plus-bcaas-120-capsulas-healthy-sports.html,cache_images\normalized\771.jpg,1200,630,26.0,ok,
FUNAT-598,https://naturalbe.com.co/producto/extracto-sangre-de-drago-60-ml.html,cache_images\normalized\FUNAT-598.jpg,1200,630,26.0,ok,
HA-SUP-80MG-90,https://naturalbe.com.co/producto/ginkgo-biloba-80mg-90softgels.html,cache_images\normalized\HA-SUP-80MG-90.jpg,1200,630,26.0,ok,
BOTA-GOCE-60,https://naturalbe.com.co/producto/goce-botanitas-60-caps.html,cache_images\normalized\BOTA-GOCE-60.jpg,1200,630,26.0,ok,
761,https://naturalbe.com.co/producto/green-tea-extract-320mg-60-softgels-healthy-america.html,cache_images\normalized\761.jpg,1200,630,26.0,ok,
MN-KRILL-30,https://naturalbe.com.co/producto/krill-oil-1000mg-30-softgels.html,cache_images\normalized\MN-KRILL-30.jpg,1200,630,26.0,ok,
781,https://naturalbe.com.co/producto/l-carnitina-1000mg-60-tabletas-healthy-sports.html,cache_images\normalized\781.jpg,1200,630,26.0,ok,
MN-KRILL-60,https://naturalbe.com.co/producto/krill-oil-1000mg-60-softgels.html,cache_images\normalized\MN-KRILL-60.jpg,1200,630,26.0,ok,
760,https://naturalbe.com.co/producto/gotu-kola-400mg-30-softgels-healthy-america.html,cache_images\normalized\760.jpg,1200,630,26.0,ok,
753,https://naturalbe.com.co/producto/gotu-kola-400mg-90-softgels-healthy-america.html,cache_images\normalized\753.jpg,1200,630,26.0,ok,
773,https://naturalbe.com.co/producto/l-glutamina-6000mg-360g-60-servings-healthy-sports.html,cache_images\normalized\773.jpg,1200,630,26.0,ok,
788,https://naturalbe.com.co/producto/l-glutamine-3000mg-120-capsulas-healthy-sports.html,cache_images\normalized\788.jpg,1200,630,26.0,ok,
VITA-BONE-60ML-60,https://naturalbe.com.co/producto/dolcal-magnesio.html,cache_images\normalized\VITA-BONE-60ML-60.jpg,1200,630,26.0,ok,
778,https://naturalbe.com.co/producto/l-glutamina-6000mg-240g-40-servings-healthy-sports.html,cache_images\normalized\778.jpg,1200,630,26.0,ok,
BOTA-LCAR-90,https://naturalbe.com.co/producto/l-carnitina-botanitas-90-tabletas.html,cache_images\normalized\BOTA-LCAR-90.jpg,1200,630,26.0,ok,
757,https://naturalbe.com.co/producto/infecturin-cranberry-vitamina-c-e-100-softgels-healthy-america.html,cache_images\normalized\757.jpg,1200,630,26.0,ok,
HA-SUP-100MG,https://naturalbe.com.co/producto/l-tryptophan-plus-60caps.html,cache_images\normalized\HA-SUP-100MG.jpg,1200,630,26.0,ok,
BOTA-LECI-100,https://naturalbe.com.co/producto/lecitina-soya-botanitas-100-caps.html,cache_images\normalized\BOTA-LECI-100.jpg,1200,630,26.0,ok,
HA-SUP-1500MG-100,https://naturalbe.com.co/producto/standard-garlic-oil-1500mg-100s.html,cache_images\normalized\HA-SUP-1500MG-100.jpg,1200,630,26.0,ok,
SATI-SATIS-700,https://naturalbe.com.co/producto/malteada-satisure-satibo-700g.html,cache_images\normalized\SATI-SATIS-700.jpg,1200,630,26.0,ok,
BOTA-LEVA-100,https://naturalbe.com.co/producto/levadura-cerveza-botanitas-100-tabletas.html,cache_images\normalized\BOTA-LEVA-100.jpg,1200,630,26.0,ok,
SATI-MEL-60,https://naturalbe.com.co/producto/melatonina-satibo-60-capsulas.html,cache_images\normalized\SATI-MEL-60.jpg,1200,630,26.0,ok,
SATI-MEGV-400,https://naturalbe.com.co/producto/megvita-satibo-jarabe-400ml.html,cache_images\normalized\SATI-MEGV-400.jpg,1200,630,26.0,ok,
746,https://naturalbe.com.co/producto/milk-thistle-300mg-60-softgels.html,cache_images\normalized\746.jpg,1200,630,26.0,ok,
749,https://naturalbe.com.co/producto/lecitina-de-soya-1200mg-100-softgels.html,cache_images\normalized\749.jpg,1200,630,26.0,ok,
VITA-EN-500ML-500,https://naturalbe.com.co/producto/kings.html,cache_images\normalized\VITA-EN-500ML-500.jpg,1200,630,26.0,ok,
BOTA-OME3E-100,https://naturalbe.com.co/producto/omega-3-vitamina-e-botanitas-100-caps.html,cache_images\normalized\BOTA-OME3E-100.jpg,1200,630,26.0,ok,
769,https://naturalbe.com.co/producto/melatonina-3mg-120-softgels-healthy-america.html,cache_images\normalized\769.jpg,1200,630,26.0,ok,
HA-SUP-1200MG-100,https://naturalbe.com.co/producto/omega3-fish-oil-1200mg-100softgels.html,cache_images\normalized\HA-SUP-1200MG-100.jpg,1200,630,26.0,ok,
VITA-OM3-30,https://naturalbe.com.co/producto/omega-3-6-9.html,cache_images\normalized\VITA-OM3-30.jpg,1200,630,26.0,ok,
755,https://naturalbe.com.co/producto/ganoderma-plus-60-capsulas-healthy-america.html,cache_images\normalized\755.jpg,1200,630,26.0,ok,
HA-SUP-300MG-90,https://naturalbe.com.co/producto/milk-thistle-300mg-90softgels.html,cache_images\normalized\HA-SUP-300MG-90.jpg,1200,630,26.0,ok,
HA-SUP-850MG-60,https://naturalbe.com.co/producto/mega-cranberry-850mg-60softgels.html,cache_images\normalized\HA-SUP-850MG-60.jpg,1200,630,26.0,ok,
745,https://naturalbe.com.co/producto/omega-3-fish-oil-1200mg-200-softgels.html,cache_images\normalized\745.jpg,1200,630,26.0,ok,
XTRA-OM3-1000MG-60,https://naturalbe.com.co/producto/omega-3-1000mg.html,cache_images\normalized\XTRA-OM3-1000MG-60.jpg,1200,630,26.0,ok,
BOTA-OSTEO-90,https://naturalbe.com.co/producto/osteocalcio-botanitas-90-caps.html,cache_images\normalized\BOTA-OSTEO-90.jpg,1200,630,26.0,ok,
750,https://naturalbe.com.co/producto/natsulin-60-softgels.html,cache_images\normalized\750.jpg,1200,630,26.0,ok,
730,https://naturalbe.com.co/producto/organic-matcha-ceremonial-grade-120g.html,cache_images\normalized\730.jpg,1200,630,26.0,ok,
784,https://naturalbe.com.co/producto/nuclear-pre-entreno-360g-30-servings-fruit-punch-healthy-sports.html,cache_images\normalized\784.jpg,1200,630,26.0,ok,
SATI-PLAX-20,https://naturalbe.com.co/producto/plaxavil-satibo-20g.html,cache_images\normalized\SATI-PLAX-20.jpg,1200,630,26.0,ok,
BOTA-OME369-50,https://naturalbe.com.co/producto/omega-3-6-9-botanitas-50-caps.html,cache_images\normalized\BOTA-OME369-50.jpg,1200,630,26.0,ok,
FUNAT-67860,https://naturalbe.com.co/producto/passycalm-x-60-ml.html,cache_images\normalized\FUNAT-67860.jpg,1200,630,26.0,ok,
732,https://naturalbe.com.co/producto/omega-3-6-9-essential-vitamins-1000mg.html,cache_images\normalized\732.jpg,1200,630,26.0,ok,
SATI-CHILD-01,https://naturalbe.com.co/producto/malteada-children-satibo.html,cache_images\normalized\SATI-CHILD-01.jpg,1200,630,26.0,ok,
787,https://naturalbe.com.co/producto/pronitric-l-arginine-hcl-500mg-50-capsulas-healthy-sports.html,cache_images\normalized\787.jpg,1200,630,26.0,ok,
FUNAT-94227,https://naturalbe.com.co/producto/purveg-capsulas-x-8.html,cache_images\normalized\FUNAT-94227.jpg,1200,630,26.0,ok,
FUNAT-POR-LA-COMPRA-DE-CALENDULA-UNGUENTO-X-90-G-LLEVA-SANGRE-DE-DRAGO-EXTRACTO-X-60ML-CON-UN-40-OFF,https://naturalbe.com.co/producto/por-la-compra-de-calendula-unguento-x-90-g-lleva-sangre-de-drago-extracto-x-60ml-con-un-40-off.html,cache_images\normalized\FUNAT-POR-LA-COMPRA-DE-CALENDULA-UNGUENTO-X-90-G-LLEVA-SANGRE-DE-DRAGO-EXTRACTO-X-60ML-CON-UN-40-OFF.jpg,1200,630,26.0,ok,
774,https://naturalbe.com.co/producto/pronitric-l-arginine-1000mg-60-caplets-healthy-sports.html,cache_images\normalized\774.jpg,1200,630,26.0,ok,
FUNAT-809,https://naturalbe.com.co/producto/purveg-sachet-13-g.html,cache_images\normalized\FUNAT-809.jpg,1200,630,26.0,ok,
748,https://naturalbe.com.co/producto/st-johns-wort-300mg-100-capsulas.html,cache_images\normalized\748.jpg,1200,630,26.0,ok,
FUNAT-47441,https://naturalbe.com.co/producto/valeriana-extracto-60ml.html,cache_images\normalized\FUNAT-47441.jpg,1200,630,26.0,ok,
NB-OM3-19,https://naturalbe.com.co/producto/omega-3-1200mg.html,cache_images\normalized\NB-OM3-19.jpg,1200,630,26.0,ok,
NB-ANT-100,https://naturalbe.com.co/producto/resveratrol.html,cache_images\normalized\NB-ANT-100.jpg,1200,630,26.0,ok,
783,https://naturalbe.com.co/producto/ultimate-bcaas-90-capsulas-30-servings-healthy-sports.html,cache_images\normalized\783.jpg,1200,630,26.0,ok,
FUNAT-RESVERATROL-NICOTINAMIDA-X-120-GR,https://naturalbe.com.co/producto/resveratrol-nicotinamida-x-120-gr.html,cache_images\normalized\FUNAT-RESVERATROL-NICOTINAMIDA-X-120-GR.jpg,1200,630,26.0,ok,
HA-VE-1000IU-50,https://naturalbe.com.co/producto/vitamin-e-1000iu-selenium-healthy-america-50-softgels.html,cache_images\normalized\HA-VE-1000IU-50.jpg,1200,630,26.0,ok,
HA-VE-400IU-100,https://naturalbe.com.co/producto/vitamin-e-400iu-selenium-healthy-america-100-softgels.html,cache_images\normalized\HA-VE-400IU-100.jpg,1200,630,26.0,ok,
PROC-ANT-30,https://naturalbe.com.co/producto/vitamina-e-procaps.html,cache_images\normalized\PROC-ANT-30.jpg,1200,630,26.0,ok,
HA-VC-500MG-60,https://naturalbe.com.co/producto/vitamin-c-500mg-rose-hips-zinc-healthy-america-60-softgels.html,cache_images\normalized\HA-VC-500MG-60.jpg,1200,630,26.0,ok,
VITA-EN-550ML-550,https://naturalbe.com.co/producto/toro.html,cache_images\normalized\VITA-EN-550ML-550.jpg,1200,630,26.0,ok,
HA-VD-2000IU-100,https://naturalbe.com.co/producto/vitamin-d3-2000iu-healthy-america-100-softgels.html,cache_images\normalized\HA-VD-2000IU-100.jpg,1200,630,26.0,ok,
759,https://naturalbe.com.co/producto/triple-omega-3-6-9-1200mg-60-softgels-healthy-america.html,cache_images\normalized\759.jpg,1200,630,26.0,ok,
VITA-EN-60,https://naturalbe.com.co/producto/xero-ft.html,cache_images\normalized\VITA-EN-60.jpg,1200,630,26.0,ok,
HA-VC-500MG-100,https://naturalbe.com.co/producto/vitamin-c-500mg-rose-hips-healthy-america-100-softgels.html,cache_images\normalized\HA-VC-500MG-100.jpg,1200,630,26.0,ok,
BOTA-VITAP-60,https://naturalbe.com.co/producto/vitapolen-botanitas-60-caps.html,cache_images\normalized\BOTA-VITAP-60.jpg,1200,630,26.0,ok,
770,https://naturalbe.com.co/producto/wellflex-120-caplets-healthy-america.html,cache_images\normalized\770.jpg,1200,630,26.0,ok,
FUNAT-REVITALNAT-PANAX-100,https://naturalbe.com.co/producto/revitalnat-panax-ginseng-100-tabletas.html,cache_images\normalized\FUNAT-REVITALNAT-PANAX-100.jpg,1200,630,26.0,ok,
FM-1052111,https://naturalbe.com.co/producto/centrum-advance-multivitaminico-hombres-y-mujeres-x-100-tabletas.html,cache_images\normalized\FM-1052111.jpg,1200,630,26.0,ok,
754,https://naturalbe.com.co/producto/whitone-l-glutathione-500mg-30-capsulas-healthy-america.html,cache_images\normalized\754.jpg,1200,630,26.0,ok,
HA-VC-1000MG-100,https://naturalbe.com.co/producto/vitamin-c-1000mg-zinc-healthy-america-100-tabletas.html,cache_images\normalized\HA-VC-1000MG-100.jpg,1200,630,26.0,ok,
768,https://naturalbe.com.co/producto/wellflex-60-caplets-healthy-america.html,cache_images\normalized\768.jpg,1200,630,26.0,ok,
FUNAT-ALCACHOFA-100-TABS,https://naturalbe.com.co/producto/alcachofa-100-tabletas.html,cache_images\normalized\FUNAT-ALCACHOFA-100-TABS.jpg,1200,630,26.0,ok,
743,https://naturalbe.com.co/producto/spirulina-400mg-90-softgels.html,cache_images\normalized\743.jpg,1200,630,26.0,ok,
SATI-PROP-400,https://naturalbe.com.co/producto/propoleo-plus-satibo-jarabe-400ml.html,cache_images\normalized\SATI-PROP-400.jpg,1200,630,26.0,ok,
FM-217300047,https://naturalbe.com.co/producto/centrum-silver-women-multivitaminico-mujeres-50-anos-x-30-tabs.html,cache_images\normalized\FM-217300047.jpg,1200,630,26.0,ok,
FM-217300055,https://naturalbe.com.co/producto/centrum-silver-men-multivitaminico-hombres-50-anos-x-30-tabs.html,cache_images\normalized\FM-217300055.jpg,1200,630,26.0,ok,
FUNAT-ANTAXBID-240,https://naturalbe.com.co/producto/antaxbid-240-ml.html,cache_images\normalized\FUNAT-ANTAXBID-240.jpg,1200,630,26.0,ok,
FM-1061101,https://naturalbe.com.co/producto/centrum-men-multivitaminico-hombres-entre-18-y-49-anos-x-60-tabs.html,cache_images\normalized\FM-1061101.jpg,1200,630,26.0,ok,
FM-1040560,https://naturalbe.com.co/producto/shot-b-complejo-b-multivitaminico-genomma-caja-x-30-capsulas.html,cache_images\normalized\FM-1040560.jpg,1200,630,26.0,ok,
MN-ALOE-60,https://naturalbe.com.co/producto/aloe-vera-60-softgels.html,cache_images\normalized\MN-ALOE-60.jpg,1200,630,26.0,ok,
MN-ANTIOX-60,https://naturalbe.com.co/producto/antioxiplus-minerals-60-softgels.html,cache_images\normalized\MN-ANTIOX-60.jpg,1200,630,26.0,ok,
FM-1052112,https://naturalbe.com.co/producto/centrum-silver-multivitaminico-para-hombres-y-mujeres-50-x-30-tabs.html,cache_images\normalized\FM-1052112.jpg,1200,630,26.0,ok,
HA-VE-1000IU-100,https://naturalbe.com.co/producto/vitamin-e-1000iu-selenium-healthy-america-100-softgels.html,cache_images\normalized\HA-VE-1000IU-100.jpg,1200,630,26.0,ok,
FM-217300063,https://naturalbe.com.co/producto/centrum-silver-women-multivitaminico-mujeres-mayores-de-50-anos-x-60-tabs.html,cache_images\normalized\FM-217300063.jpg,1200,630,26.0,ok,
FM-217300071,https://naturalbe.com.co/producto/centrum-silver-men-multivitaminico-hombres-50-anos-x-60-tabs.html,cache_images\normalized\FM-217300071.jpg,1200,630,26.0,ok,
FM-1061100,https://naturalbe.com.co/producto/centrum-men-multivitaminico-hombres-entre-18-y-49-anos-x-30-tabs.html,cache_images\normalized\FM-1061100.jpg,1200,630,26.0,ok,
FM-1052109,https://naturalbe.com.co/producto/centrum-advance-multivitaminico-hombres-y-mujeres-de-18-a-49-anos-x-30-tabs.html,cache_images\normalized\FM-1052109.jpg,1200,630,26.0,ok,
FM-1052114,https://naturalbe.com.co/producto/centrum-silver-multivitaminico-hombres-y-mujeres-50-x-100-tabs.html,cache_images\normalized\FM-1052114.jpg,1200,630,26.0,ok,
MN-BIOTIN-100,https://naturalbe.com.co/producto/biotin-900mcg-100-softgels.html,cache_images\normalized\MN-BIOTIN-100.jpg,1200,630,26.0,ok,
MN-BETA-100,https://naturalbe.com.co/producto/betacaroteno-7500ui-100-softgels.html,cache_images\normalized\MN-BETA-100.jpg,1200,630,26.0,ok,
MN-BEHASN-60,https://naturalbe.com.co/producto/be-ha-sn-60-softgels.html,cache_images\normalized\MN-BEHASN-60.jpg,1200,630,26.0,ok,
MN-BCAA-120,https://naturalbe.com.co/producto/bcaa-750mg-120-softgels.html,cache_images\normalized\MN-BCAA-120.jpg,1200,630,26.0,ok,
TQ-VIT-30,https://naturalbe.com.co/producto/biocalcium-d-mk-sobres-30.html,cache_images\normalized\TQ-VIT-30.jpg,1200,630,26.0,ok,
766,https://naturalbe.com.co/producto/biotin-900mcg-90-softgels-healthy-america.html,cache_images\normalized\766.jpg,1200,630,26.0,ok,
735,https://naturalbe.com.co/producto/biotina-essential-vitamins-9000mcg.html,cache_images\normalized\735.jpg,1200,630,26.0,ok,
MN-CAL600-100,https://naturalbe.com.co/producto/calcium-600-vitamin-d-100-softgels.html,cache_images\normalized\MN-CAL600-100.jpg,1200,630,26.0,ok,
HA-VIT-120,https://naturalbe.com.co/producto/cal-citrate-complete-120tablets.html,cache_images\normalized\HA-VIT-120.jpg,1200,630,26.0,ok,
HA-VIT-90,https://naturalbe.com.co/producto/cal-mag-zinc-plus-d3-90softgels.html,cache_images\normalized\HA-VIT-90.jpg,1200,630,26.0,ok,
MN-CMZ-100,https://naturalbe.com.co/producto/cal-mag-zinc-vitamin-d-100-softgels.html,cache_images\normalized\MN-CMZ-100.jpg,1200,630,26.0,ok,
VITA-VIT-60ML-60,https://naturalbe.com.co/producto/batido-verde.html,cache_images\normalized\VITA-VIT-60ML-60.jpg,1200,630,26.0,ok,
MN-BSC-100,https://naturalbe.com.co/producto/balanced-b-super-complex-100-softgels.html,cache_images\normalized\MN-BSC-100.jpg,1200,630,26.0,ok,
MN-CAL600-60,https://naturalbe.com.co/producto/calcium-600-vitamin-d-60-softgels.html,cache_images\normalized\MN-CAL600-60.jpg,1200,630,26.0,ok,
FM-1061103,https://naturalbe.com.co/producto/centrum-women-multivitaminico-mujeres-entre-18-y-49-anos-x-60-tabs.html,cache_images\normalized\FM-1061103.jpg,1200,630,26.0,ok,
FUNAT-66323,https://naturalbe.com.co/producto/biotina-900-mcg-d-pantenol-60-softgels.html,cache_images\normalized\FUNAT-66323.jpg,1200,630,26.0,ok,
HA-VIT-200MCG-100,https://naturalbe.com.co/producto/chromium-picolinate-200mcg-100softgels.html,cache_images\normalized\HA-VIT-200MCG-100.jpg,1200,630,26.0,ok,
MN-CASTANO-100,https://naturalbe.com.co/producto/castano-de-indias-500mg-100-capsulas.html,cache_images\normalized\MN-CASTANO-100.jpg,1200,630,26.0,ok,
BOTA-BIOTINA-100,https://naturalbe.com.co/producto/biotina-900-mcg-advanced-botanitas-100-caps.html,cache_images\normalized\BOTA-BIOTINA-100.jpg,1200,630,26.0,ok,
FUNAT-50517,https://naturalbe.com.co/producto/carnitrim-60-tabletas.html,cache_images\normalized\FUNAT-50517.jpg,1200,630,26.0,ok,
MN-CLA-90,https://naturalbe.com.co/producto/cla-1000mg-90-softgels.html,cache_images\normalized\MN-CLA-90.jpg,1200,630,26.0,ok,
XTRA-VIT-50,https://naturalbe.com.co/producto/cloruro-de-magnesio.html,cache_images\normalized\XTRA-VIT-50.jpg,1200,630,26.0,ok,
XTRA-VIT-50-02,https://naturalbe.com.co/producto/citrato-de-potasio.html,cache_images\normalized\XTRA-VIT-50-02.jpg,1200,630,26.0,ok,
MN-CENTELLA-60,https://naturalbe.com.co/producto/centella-asiatica-400mg-60-capsulas.html,cache_images\normalized\MN-CENTELLA-60.jpg,1200,630,26.0,ok,
MN-CMZ-60,https://naturalbe.com.co/producto/cal-mag-zinc-vitamin-d-60-softgels.html,cache_images\normalized\MN-CMZ-60.jpg,1200,630,26.0,ok,
MN-CASTANO-60,https://naturalbe.com.co/producto/castano-de-indias-500mg-60-capsulas.html,cache_images\normalized\MN-CASTANO-60.jpg,1200,630,26.0,ok,
FUNAT-480,https://naturalbe.com.co/producto/cloruro-de-magnesio-60-tabletas.html,cache_images\normalized\FUNAT-480.jpg,1200,630,26.0,ok,
MN-CHLO-100,https://naturalbe.com.co/producto/chlo-green-100-softgels.html,cache_images\normalized\MN-CHLO-100.jpg,1200,630,26.0,ok,
HA-VIT-200MCG-30,https://naturalbe.com.co/producto/chromium-picolinate-200mcg-30softgels.html,cache_images\normalized\HA-VIT-200MCG-30.jpg,1200,630,26.0,ok,
BOTA-COMP-B-60,https://naturalbe.com.co/producto/complejo-b-botanitas-60-caps.html,cache_images\normalized\BOTA-COMP-B-60.jpg,1200,630,26.0,ok,
737,https://naturalbe.com.co/producto/b-complex-essential-vitamins.html,cache_images\normalized\737.jpg,1200,630,26.0,ok,
FUNAT-81005,https://naturalbe.com.co/producto/colaming-caja-x-12-blister.html,cache_images\normalized\FUNAT-81005.jpg,1200,630,26.0,ok,
TQ-VIT-250,https://naturalbe.com.co/producto/complejo-b-mk-250-tabletas.html,cache_images\normalized\TQ-VIT-250.jpg,1200,630,26.0,ok,
MN-COLLAGEN-100,https://naturalbe.com.co/producto/collagen-plus-vitamin-c-100-softgels.html,cache_images\normalized\MN-COLLAGEN-100.jpg,1200,630,26.0,ok,
XTRA-VIT-60,https://naturalbe.com.co/producto/citrato-de-magnesio.html,cache_images\normalized\XTRA-VIT-60.jpg,1200,630,26.0,ok,
FUNAT-81003,https://naturalbe.com.co/producto/colaming-blister-x-10-tabletas.html,cache_images\normalized\FUNAT-81003.jpg,1200,630,26.0,ok,
MN-COQ10-30,https://naturalbe.com.co/producto/coenzyme-q10-200mg-30-softgels.html,cache_images\normalized\MN-COQ10-30.jpg,1200,630,26.0,ok,
MN-CRANBERRY-60,https://naturalbe.com.co/producto/cranberry-fruit-powder-140mg-60-softgels.html,cache_images\normalized\MN-CRANBERRY-60.jpg,1200,630,26.0,ok,
FUNAT-66326,https://naturalbe.com.co/producto/colagmin-60-tabletas.html,cache_images\normalized\FUNAT-66326.jpg,1200,630,26.0,ok,
SATI-COMP-PLUS,https://naturalbe.com.co/producto/complex-plus-satibo.html,cache_images\normalized\SATI-COMP-PLUS.jpg,1200,630,26.0,ok,
MN-FOLIC-100,https://naturalbe.com.co/producto/folic-100-softgels.html,cache_images\normalized\MN-FOLIC-100.jpg,1200,630,26.0,ok,
MN-CRANBERRY-100,https://naturalbe.com.co/producto/cranberry-fruit-powder-140mg-100-softgels.html,cache_images\normalized\MN-CRANBERRY-100.jpg,1200,630,26.0,ok,
MN-CASCARA-100,https://naturalbe.com.co/producto/cascara-sagrada-500mg-100-softgels.html,cache_images\normalized\MN-CASCARA-100.jpg,1200,630,26.0,ok,
MN-FLEXBON-60,https://naturalbe.com.co/producto/flexbon-60-softgels.html,cache_images\normalized\MN-FLEXBON-60.jpg,1200,630,26.0,ok,
MN-CASCARA-60,https://naturalbe.com.co/producto/cascara-sagrada-500mg-60-softgels.html,cache_images\normalized\MN-CASCARA-60.jpg,1200,630,26.0,ok,
MN-GCOFFEE-60,https://naturalbe.com.co/producto/green-coffee-plus-l-carnitine-60-softgels.html,cache_images\normalized\MN-GCOFFEE-60.jpg,1200,630,26.0,ok,
MN-COLOSTRUM-90,https://naturalbe.com.co/producto/colostrum-1000mg-90-softgels.html,cache_images\normalized\MN-COLOSTRUM-90.jpg,1200,630,26.0,ok,
MN-GARLIC-100,https://naturalbe.com.co/producto/garlic-1500mg-100-softgels.html,cache_images\normalized\MN-GARLIC-100.jpg,1200,630,26.0,ok,
738,https://naturalbe.com.co/producto/duovit-vitamina-d3-k2-100-softgels.html,cache_images\normalized\738.jpg,1200,630,26.0,ok,
MN-LARG-60,https://naturalbe.com.co/producto/l-arginina-1000mg-60-softgels.html,cache_images\normalized\MN-LARG-60.jpg,1200,630,26.0,ok,
MN-COLLAGEN-60,https://naturalbe.com.co/producto/collagen-plus-vitamin-c-60-softgels.html,cache_images\normalized\MN-COLLAGEN-60.jpg,1200,630,26.0,ok,
MN-LGLUTA-60,https://naturalbe.com.co/producto/l-glutamina-1000mg-60-softgels.html,cache_images\normalized\MN-LGLUTA-60.jpg,1200,630,26.0,ok,
MN-LGLUTATH-90,https://naturalbe.com.co/producto/l-glutathione-plus-vitamin-c-90-capsulas.html,cache_images\normalized\MN-LGLUTATH-90.jpg,1200,630,26.0,ok,
FUNAT-674,https://naturalbe.com.co/producto/levadura-de-cerveza-100-tabletas.html,cache_images\normalized\FUNAT-674.jpg,1200,630,26.0,ok,
MN-LCAR-100,https://naturalbe.com.co/producto/l-carnitine-800mg-100-softgels.html,cache_images\normalized\MN-LCAR-100.jpg,1200,630,26.0,ok,
FUNAT-90289,https://naturalbe.com.co/producto/imuprobiotics.html,cache_images\normalized\FUNAT-90289.jpg,1200,630,26.0,ok,
MN-GINSENG-60,https://naturalbe.com.co/producto/korean-ginseng-820mg-60-softgels.html,cache_images\normalized\MN-GINSENG-60.jpg,1200,630,26.0,ok,
HA-VIT-400MG,https://naturalbe.com.co/producto/magnesium-oxide-400mg-30caplets.html,cache_images\normalized\HA-VIT-400MG.jpg,1200,630,26.0,ok,
BOTA-MULTI-30,https://naturalbe.com.co/producto/multivitaminico-botanitas-30-caps.html,cache_images\normalized\BOTA-MULTI-30.jpg,1200,630,26.0,ok,
HA-VIT-99MG-30,https://naturalbe.com.co/producto/potassium-99mg-30tablets.html,cache_images\normalized\HA-VIT-99MG-30.jpg,1200,630,26.0,ok,
HA-VIT-99MG-100,https://naturalbe.com.co/producto/potassium-gluconate-99mg-100tablets.html,cache_images\normalized\HA-VIT-99MG-100.jpg,1200,630,26.0,ok,
FUNAT-66286,https://naturalbe.com.co/producto/lecitina-de-soya-100-softgels.html,cache_images\normalized\FUNAT-66286.jpg,1200,630,26.0,ok,
MN-GINKGO120-100,https://naturalbe.com.co/producto/ginkgo-biloba-120mg-100-softgels.html,cache_images\normalized\MN-GINKGO120-100.jpg,1200,630,26.0,ok,
HA-VIT-500MCG-100,https://naturalbe.com.co/producto/gtf-chromium-500mcg-100softgels.html,cache_images\normalized\HA-VIT-500MCG-100.jpg,1200,630,26.0,ok,
MN-GINSENG-100,https://naturalbe.com.co/producto/korean-ginseng-820mg-100-softgels.html,cache_images\normalized\MN-GINSENG-100.jpg,1200,630,26.0,ok,
HA-VIT-99MG-60,https://naturalbe.com.co/producto/potassium-99mg-vitamins-minerals-60softgels.html,cache_images\normalized\HA-VIT-99MG-60.jpg,1200,630,26.0,ok,
MN-LARG-100,https://naturalbe.com.co/producto/l-arginina-1000mg-100-softgels.html,cache_images\normalized\MN-LARG-100.jpg,1200,630,26.0,ok,
739,https://naturalbe.com.co/producto/vitamina-d3-2000ui-100-softgels.html,cache_images\normalized\739.jpg,1200,630,26.0,ok,
767,https://naturalbe.com.co/producto/supreme-e-1000iu-50-softgels-healthy-america.html,cache_images\normalized\767.jpg,1200,630,26.0,ok,
FUNAT-81037,https://naturalbe.com.co/producto/vitamina-d-magnesio-x60-caps.html,cache_images\normalized\FUNAT-81037.jpg,1200,630,26.0,ok,
740,https://naturalbe.com.co/producto/vitamina-c-1000mg-bioflavonoides-100-capsulas.html,cache_images\normalized\740.jpg,1200,630,26.0,ok,
SATI-VITD3-300,https://naturalbe.com.co/producto/vitamina-d3-satibo-jarabe-300ml.html,cache_images\normalized\SATI-VITD3-300.jpg,1200,630,26.0,ok,
FUNAT-86833,https://naturalbe.com.co/producto/macasource.html,cache_images\normalized\FUNAT-86833.jpg,1200,630,26.0,ok,
HA-VIT-400MG-100,https://naturalbe.com.co/producto/magnesium-oxide-400mg-100tablets.html,cache_images\normalized\HA-VIT-400MG-100.jpg,1200,630,26.0,ok,
BOTA-VITD3-90,https://naturalbe.com.co/producto/vitamina-d3-2000ui-botanitas-90-tabletas.html,cache_images\normalized\BOTA-VITD3-90.jpg,1200,630,26.0,ok,
FUNAT-GLUCOMANAT,https://naturalbe.com.co/producto/glucomanat.html,cache_images\normalized\FUNAT-GLUCOMANAT.jpg,1200,630,26.0,ok,
FUNAT-VITAMINA-E-1000-SELENIO-60,https://naturalbe.com.co/producto/vitamina-e-1000-selenio-x-60-cap.html,cache_images\normalized\FUNAT-VITAMINA-E-1000-SELENIO-60.jpg,1200,630,26.0,ok,
FUNAT-82186,https://naturalbe.com.co/producto/vitasource-x-60caps.html,cache_images\normalized\FUNAT-82186.jpg,1200,630,26.0,ok,
BOTA-VITE-1000-60,https://naturalbe.com.co/producto/vitamina-e-1000ui-botanitas-60-caps.html,cache_images\normalized\BOTA-VITE-1000-60.jpg,1200,630,26.0,ok,
BOTA-VITC-120,https://naturalbe.com.co/producto/vitamina-c-botanitas-120-tabletas.html,cache_images\normalized\BOTA-VITC-120.jpg,1200,630,26.0,ok,
MN-GARCINIA-100,https://naturalbe.com.co/producto/garcinia-1000mg-100-softgels.html,cache_images\normalized\MN-GARCINIA-100.jpg,1200,630,26.0,ok,
BOTA-VITE-400-100,https://naturalbe.com.co/producto/vitamina-e-400ui-botanitas-100-caps.html,cache_images\normalized\BOTA-VITE-400-100.jpg,1200,630,26.0,ok,
FUNAT-66217,https://naturalbe.com.co/producto/zinc-plus-30-tabletas.html,cache_images\normalized\FUNAT-66217.jpg,1200,630,26.0,ok,
