"file","url","status","robots","noindex","meta_refresh_target","canonical","has_title","has_description","has_h1"
"catalogo-cabello.html","https://naturalbe.com.co/catalogo-cabello.html","indexable","index,follow","false","","https://naturalbe.com.co/catalogo-cabello.html","true","true","true"
"catalogo-digestivos.html","https://naturalbe.com.co/catalogo-digestivos.html","indexable","index,follow","false","","https://naturalbe.com.co/catalogo-digestivos.html","true","true","true"
"catalogo-funat.html","https://naturalbe.com.co/catalogo-funat.html","indexable","index,follow","false","","https://naturalbe.com.co/catalogo-funat.html","true","true","true"
"catalogo-vitaminas.html","https://naturalbe.com.co/catalogo-vitaminas.html","indexable","index,follow,max-snippet:-1,max-image-preview:large,max-video-preview:-1","false","","https://naturalbe.com.co/catalogo-vitaminas.html","true","true","true"
"catalogo/index.html","https://naturalbe.com.co/catalogo/index.html","indexable","","false","","https://naturalbe.com.co/catalogo/","true","true","true"
"category.html","https://naturalbe.com.co/category.html","indexable","index, follow, max-snippet:-1, max-image-preview:large, max-video-preview:-1","false","","https://naturalbe.com.co/categoria/suplementos","true","true","true"
"colageno-con-vitamina-c-beneficios-colombia.html","https://naturalbe.com.co/colageno-con-vitamina-c-beneficios-colombia.html","indexable","index,follow","false","","https://naturalbe.com.co/colageno-con-vitamina-c-beneficios-colombia.html","true","true","true"
"colageno-con-vitamina-c-colombia.html","https://naturalbe.com.co/colageno-con-vitamina-c-colombia.html","indexable","index,follow","false","","https://naturalbe.com.co/colageno-con-vitamina-c-colombia.html","true","true","true"
"colageno-hidrolizado-colombia.html","https://naturalbe.com.co/colageno-hidrolizado-colombia.html","indexable","index,follow,max-snippet:-1,max-image-preview:large,max-video-preview:-1","false","","https://naturalbe.com.co/colageno-hidrolizado-colombia.html","true","true","true"
"colageno-hidrolizado-para-que-sirve-colombia.html","https://naturalbe.com.co/colageno-hidrolizado-para-que-sirve-colombia.html","indexable","index,follow,max-snippet:-1,max-image-preview:large,max-video-preview:-1","false","","https://naturalbe.com.co/colageno-hidrolizado-para-que-sirve-colombia.html","true","true","true"
"colageno-para-articulaciones-colombia.html","https://naturalbe.com.co/colageno-para-articulaciones-colombia.html","indexable","index,follow","false","","https://naturalbe.com.co/colageno-para-articulaciones-colombia.html","true","true","true"
"como-tomar-probioticos-colombia.html","https://naturalbe.com.co/como-tomar-probioticos-colombia.html","indexable","index,follow,max-snippet:-1,max-image-preview:large,max-video-preview:-1","false","","https://naturalbe.com.co/como-tomar-probioticos-colombia.html","true","true","true"
"energia.html","https://naturalbe.com.co/energia.html","indexable","index,follow","false","","https://naturalbe.com.co/energia.html","true","true","true"
"funat-suplementos-colombia.html","https://naturalbe.com.co/funat-suplementos-colombia.html","indexable","index,follow","false","","https://naturalbe.com.co/funat-suplementos-colombia.html","true","true","true"
"funat-vitaminas-colombia.html","https://naturalbe.com.co/funat-vitaminas-colombia.html","indexable","index,follow","false","","https://naturalbe.com.co/funat-vitaminas-colombia.html","true","true","true"
"healthy-america-productos-colombia.html","https://naturalbe.com.co/healthy-america-productos-colombia.html","indexable","index,follow","false","","https://naturalbe.com.co/healthy-america-productos-colombia.html","true","true","true"
"healthy-america-suplementos-colombia.html","https://naturalbe.com.co/healthy-america-suplementos-colombia.html","indexable","index,follow","false","","https://naturalbe.com.co/healthy-america-suplementos-colombia.html","true","true","true"
"healthy-america-vitaminas-colombia.html","https://naturalbe.com.co/healthy-america-vitaminas-colombia.html","indexable","index,follow","false","","https://naturalbe.com.co/healthy-america-vitaminas-colombia.html","true","true","true"
"index.html","https://naturalbe.com.co/","indexable","index,follow,max-snippet:-1,max-image-preview:large,max-video-preview:-1","false","","https://naturalbe.com.co/","true","true","true"
"inmunidad.html","https://naturalbe.com.co/inmunidad.html","indexable","index,follow","false","","https://naturalbe.com.co/inmunidad.html","true","true","true"
"licencia-imagenes.html","https://naturalbe.com.co/licencia-imagenes.html","indexable","index,follow","false","","https://naturalbe.com.co/licencia-imagenes.html","true","true","true"
"magnesio-colombia.html","https://naturalbe.com.co/magnesio-colombia.html","indexable","index,follow,max-snippet:-1,max-image-preview:large,max-video-preview:-1","false","","https://naturalbe.com.co/magnesio-colombia.html","true","true","true"
"magnesio-para-calambres-colombia.html","https://naturalbe.com.co/magnesio-para-calambres-colombia.html","indexable","index,follow,max-snippet:-1,max-image-preview:large,max-video-preview:-1","false","","https://naturalbe.com.co/magnesio-para-calambres-colombia.html","true","true","true"
"millenium-natural-systems-productos-colombia.html","https://naturalbe.com.co/millenium-natural-systems-productos-colombia.html","indexable","index,follow","false","","https://naturalbe.com.co/millenium-natural-systems-productos-colombia.html","true","true","true"
"millenium-natural-systems-suplementos-colombia.html","https://naturalbe.com.co/millenium-natural-systems-suplementos-colombia.html","indexable","index,follow","false","","https://naturalbe.com.co/millenium-natural-systems-suplementos-colombia.html","true","true","true"
"millenium-natural-systems-vitaminas-colombia.html","https://naturalbe.com.co/millenium-natural-systems-vitaminas-colombia.html","indexable","index,follow","false","","https://naturalbe.com.co/millenium-natural-systems-vitaminas-colombia.html","true","true","true"
"multivitaminico-mujer-50-anos-colombia.html","https://naturalbe.com.co/multivitaminico-mujer-50-anos-colombia.html","indexable","index,follow,max-snippet:-1,max-image-preview:large,max-video-preview:-1","false","","https://naturalbe.com.co/multivitaminico-mujer-50-anos-colombia.html","true","true","true"
"multivitaminico-para-hombre.html","https://naturalbe.com.co/multivitaminico-para-hombre.html","indexable","index,follow,max-snippet:-1,max-image-preview:large,max-video-preview:-1","false","","https://naturalbe.com.co/multivitaminico-para-hombre.html","true","true","true"
"objetivo-energia.html","https://naturalbe.com.co/objetivo-energia.html","indexable","index,follow","false","","https://naturalbe.com.co/objetivo-energia.html","true","true","true"
"objetivo-estres.html","https://naturalbe.com.co/objetivo-estres.html","indexable","index,follow","false","","https://naturalbe.com.co/objetivo-estres.html","true","true","true"
"objetivo-inmunidad.html","https://naturalbe.com.co/objetivo-inmunidad.html","indexable","index,follow","false","","https://naturalbe.com.co/objetivo-inmunidad.html","true","true","true"
"objetivo-piel.html","https://naturalbe.com.co/objetivo-piel.html","indexable","index,follow","false","","https://naturalbe.com.co/objetivo-piel.html","true","true","true"
"omega-3-colombia.html","https://naturalbe.com.co/omega-3-colombia.html","indexable","index,follow,max-snippet:-1,max-image-preview:large,max-video-preview:-1","false","","https://naturalbe.com.co/omega-3-colombia.html","true","true","true"
"omega-3-para-trigliceridos-colombia.html","https://naturalbe.com.co/omega-3-para-trigliceridos-colombia.html","indexable","index,follow,max-snippet:-1,max-image-preview:large,max-video-preview:-1","false","","https://naturalbe.com.co/omega-3-para-trigliceridos-colombia.html","true","true","true"
"product.html","https://naturalbe.com.co/product.html","indexable","index,follow,max-snippet:-1,max-image-preview:large,max-video-preview:-1","false","","https://naturalbe.com.co/product.html","true","true","true"
"que-es-un-suplemento-dietario-colombia.html","https://naturalbe.com.co/que-es-un-suplemento-dietario-colombia.html","indexable","index,follow,max-snippet:-1,max-image-preview:large,max-video-preview:-1","false","","https://naturalbe.com.co/que-es-un-suplemento-dietario-colombia.html","true","true","true"
"static/blog/articulo-colageno.html","https://naturalbe.com.co/static/blog/articulo-colageno.html","indexable","","false","","https://naturalbe.com.co/static/blog/articulo-colageno.html","true","true","true"
"static/blog/articulo-entrenamiento-estrategia.html","https://naturalbe.com.co/static/blog/articulo-entrenamiento-estrategia.html","indexable","","false","","https://naturalbe.com.co/static/blog/articulo-entrenamiento-estrategia.html","true","true","true"
"static/blog/articulo-magnesio.html","https://naturalbe.com.co/static/blog/articulo-magnesio.html","indexable","","false","","https://naturalbe.com.co/static/blog/articulo-magnesio.html","true","true","true"
"static/blog/articulo-omega3.html","https://naturalbe.com.co/static/blog/articulo-omega3.html","indexable","","false","","https://naturalbe.com.co/static/blog/articulo-omega3.html","true","true","true"
"suplementos-dietarios-colombia.html","https://naturalbe.com.co/suplementos-dietarios-colombia.html","indexable","index,follow,max-snippet:-1,max-image-preview:large,max-video-preview:-1","false","","https://naturalbe.com.co/suplementos-dietarios-colombia.html","true","true","true"
"suplementos-en-barranquilla.html","https://naturalbe.com.co/suplementos-en-barranquilla.html","indexable","index,follow","false","","https://naturalbe.com.co/suplementos-en-barranquilla.html","true","true","true"
"suplementos-para-articulaciones-colombia.html","https://naturalbe.com.co/suplementos-para-articulaciones-colombia.html","indexable","index,follow","false","","https://naturalbe.com.co/suplementos-para-articulaciones-colombia.html","true","true","true"
"suplementos-para-defensas-colombia.html","https://naturalbe.com.co/suplementos-para-defensas-colombia.html","indexable","index,follow","false","","https://naturalbe.com.co/suplementos-para-defensas-colombia.html","true","true","true"
"suplementos-para-digestion-y-transito-intestinal-colombia.html","https://naturalbe.com.co/suplementos-para-digestion-y-transito-intestinal-colombia.html","indexable","index,follow","false","","https://naturalbe.com.co/suplementos-para-digestion-y-transito-intestinal-colombia.html","true","true","true"
"suplementos-para-energia-diaria-colombia.html","https://naturalbe.com.co/suplementos-para-energia-diaria-colombia.html","indexable","index,follow,max-snippet:-1,max-image-preview:large,max-video-preview:-1","false","","https://naturalbe.com.co/suplementos-para-energia-diaria-colombia.html","true","true","true"
"suplementos-para-estres-y-sueno-colombia.html","https://naturalbe.com.co/suplementos-para-estres-y-sueno-colombia.html","indexable","index,follow,max-snippet:-1,max-image-preview:large,max-video-preview:-1","false","","https://naturalbe.com.co/suplementos-para-estres-y-sueno-colombia.html","true","true","true"
"suplementos-para-gimnasio-colombia.html","https://naturalbe.com.co/suplementos-para-gimnasio-colombia.html","indexable","index,follow","false","","https://naturalbe.com.co/suplementos-para-gimnasio-colombia.html","true","true","true"
"suplementos-para-piel-cabello-y-unas-colombia.html","https://naturalbe.com.co/suplementos-para-piel-cabello-y-unas-colombia.html","indexable","index,follow","false","","https://naturalbe.com.co/suplementos-para-piel-cabello-y-unas-colombia.html","true","true","true"
"tienda-naturista-barranquilla.html","https://naturalbe.com.co/tienda-naturista-barranquilla.html","indexable","index,follow","false","","https://naturalbe.com.co/tienda-naturista-barranquilla.html","true","true","true"
"vitaminas-en-barranquilla.html","https://naturalbe.com.co/vitaminas-en-barranquilla.html","indexable","index,follow","false","","https://naturalbe.com.co/vitaminas-en-barranquilla.html","true","true","true"
"vitaminas-para-dormir-mejor-colombia.html","https://naturalbe.com.co/vitaminas-para-dormir-mejor-colombia.html","indexable","index,follow","false","","https://naturalbe.com.co/vitaminas-para-dormir-mejor-colombia.html","true","true","true"
"vitaminas-para-el-cabello-colombia.html","https://naturalbe.com.co/vitaminas-para-el-cabello-colombia.html","indexable","index,follow","false","","https://naturalbe.com.co/vitaminas-para-el-cabello-colombia.html","true","true","true"
"vitaminas-para-el-cansancio-colombia.html","https://naturalbe.com.co/vitaminas-para-el-cansancio-colombia.html","indexable","index,follow","false","","https://naturalbe.com.co/vitaminas-para-el-cansancio-colombia.html","true","true","true"
"vitaminas-para-el-sistema-inmune-colombia.html","https://naturalbe.com.co/vitaminas-para-el-sistema-inmune-colombia.html","indexable","index,follow","false","","https://naturalbe.com.co/vitaminas-para-el-sistema-inmune-colombia.html","true","true","true"
"vitaminas-para-rendimiento-deportivo-colombia.html","https://naturalbe.com.co/vitaminas-para-rendimiento-deportivo-colombia.html","indexable","index,follow","false","","https://naturalbe.com.co/vitaminas-para-rendimiento-deportivo-colombia.html","true","true","true"
"zinc-colombia.html","https://naturalbe.com.co/zinc-colombia.html","indexable","index,follow,max-snippet:-1,max-image-preview:large,max-video-preview:-1","false","","https://naturalbe.com.co/zinc-colombia.html","true","true","true"
"zinc-para-defensas-colombia.html","https://naturalbe.com.co/zinc-para-defensas-colombia.html","indexable","index,follow,max-snippet:-1,max-image-preview:large,max-video-preview:-1","false","","https://naturalbe.com.co/zinc-para-defensas-colombia.html","true","true","true"
