"file","url","status","robots","noindex","meta_refresh_target","canonical","has_title","has_description","has_h1","reason"
"biotina-colageno-colombia.html","https://naturalbe.com.co/biotina-colageno-colombia.html","noindex","noindex,follow","true","category.html?q=biotina","https://naturalbe.com.co/category.html?q=biotina","true","false","false","meta-robots-noindex|meta-refresh"
"blog.html","https://naturalbe.com.co/blog.html","noindex","noindex,follow","true","index.html#blog","https://naturalbe.com.co/index.html","true","false","false","meta-robots-noindex|meta-refresh"
"calcio-con-vitamina-d3-colombia.html","https://naturalbe.com.co/calcio-con-vitamina-d3-colombia.html","noindex","noindex,follow","true","/category.html?q=calcio%20vitamina%20d3","https://naturalbe.com.co/category.html?q=calcio%20vitamina%20d3","true","true","false","meta-robots-noindex|meta-refresh"
"catalogo-antioxidantes.html","https://naturalbe.com.co/catalogo-antioxidantes.html","noindex","noindex,follow","true","category.html?q=antioxidantes","https://naturalbe.com.co/category.html?q=antioxidantes","true","false","false","meta-robots-noindex|meta-refresh"
"catalogo-botanitas.html","https://naturalbe.com.co/catalogo-botanitas.html","noindex","noindex,follow","true","category.html?q=botanitas","https://naturalbe.com.co/category.html?q=botanitas","true","false","false","meta-robots-noindex|meta-refresh"
"catalogo-colageno.html","https://naturalbe.com.co/catalogo-colageno.html","noindex","noindex,follow","true","category.html?category=colageno","https://naturalbe.com.co/category.html?category=colageno","true","false","false","meta-robots-noindex|meta-refresh"
"catalogo-cuidado-intimo.html","https://naturalbe.com.co/catalogo-cuidado-intimo.html","noindex","noindex,follow","true","category.html?q=intimo","https://naturalbe.com.co/category.html?q=intimo","true","false","false","meta-robots-noindex|meta-refresh"
"catalogo-cuidado-piel.html","https://naturalbe.com.co/catalogo-cuidado-piel.html","noindex","noindex,follow","true","category.html?q=piel","https://naturalbe.com.co/category.html?q=piel","true","false","false","meta-robots-noindex|meta-refresh"
"catalogo-energia.html","https://naturalbe.com.co/catalogo-energia.html","noindex","noindex,follow","true","category.html?q=energia","https://naturalbe.com.co/category.html?q=energia","true","false","false","meta-robots-noindex|meta-refresh"
"catalogo-huesos.html","https://naturalbe.com.co/catalogo-huesos.html","noindex","noindex,follow","true","category.html?q=huesos","https://naturalbe.com.co/category.html?q=huesos","true","false","false","meta-robots-noindex|meta-refresh"
"catalogo-inmunidad.html","https://naturalbe.com.co/catalogo-inmunidad.html","noindex","noindex,follow","true","category.html?q=inmunidad","https://naturalbe.com.co/category.html?q=inmunidad","true","false","false","meta-robots-noindex|meta-refresh"
"catalogo-minerales.html","https://naturalbe.com.co/catalogo-minerales.html","noindex","noindex,follow","true","category.html?category=minerales","https://naturalbe.com.co/category.html?category=minerales","true","false","false","meta-robots-noindex|meta-refresh"
"catalogo-nutricion.html","https://naturalbe.com.co/catalogo-nutricion.html","noindex","noindex,follow","true","category.html?category=nutricion","https://naturalbe.com.co/category.html?category=nutricion","true","false","false","meta-robots-noindex|meta-refresh"
"catalogo-omega.html","https://naturalbe.com.co/catalogo-omega.html","noindex","noindex,follow","true","category.html?category=omega","https://naturalbe.com.co/category.html?category=omega","true","false","false","meta-robots-noindex|meta-refresh"
"catalogo-satibo.html","https://naturalbe.com.co/catalogo-satibo.html","noindex","noindex,follow","true","category.html?q=satibo","https://naturalbe.com.co/category.html?q=satibo","true","false","false","meta-robots-noindex|meta-refresh"
"catalogo-suplementos-dietarios.html","https://naturalbe.com.co/catalogo-suplementos-dietarios.html","noindex","noindex,follow","true","category.html?category=suplementos%20dietarios","https://naturalbe.com.co/category.html?category=suplementos%20dietarios","true","false","false","meta-robots-noindex|meta-refresh"
"catalogo-suplementos.html","https://naturalbe.com.co/catalogo-suplementos.html","noindex","noindex,follow","true","/categoria/suplementos","https://naturalbe.com.co/categoria/suplementos","true","false","false","meta-robots-noindex|meta-refresh"
"checkout.html","https://naturalbe.com.co/checkout.html","noindex","noindex, follow","true","","https://naturalbe.com.co/checkout.html","true","true","true","meta-robots-noindex"
"citrato-de-magnesio-colombia.html","https://naturalbe.com.co/citrato-de-magnesio-colombia.html","noindex","noindex,follow","true","/category.html?q=citrato%20de%20magnesio","https://naturalbe.com.co/category.html?q=citrato%20de%20magnesio","true","true","false","meta-robots-noindex|meta-refresh"
"colageno-hidrolizado-bogota.html","https://naturalbe.com.co/colageno-hidrolizado-bogota.html","noindex","noindex,follow","true","category.html?q=colageno+bogota","https://naturalbe.com.co/category.html?q=colageno+bogota","true","false","false","meta-robots-noindex|meta-refresh"
"colageno-hidrolizado-cali.html","https://naturalbe.com.co/colageno-hidrolizado-cali.html","noindex","noindex,follow","true","category.html?q=colageno+cali","https://naturalbe.com.co/category.html?q=colageno+cali","true","false","false","meta-robots-noindex|meta-refresh"
"colageno-hidrolizado-medellin.html","https://naturalbe.com.co/colageno-hidrolizado-medellin.html","noindex","noindex,follow","true","category.html?q=colageno+medellin","https://naturalbe.com.co/category.html?q=colageno+medellin","true","false","false","meta-robots-noindex|meta-refresh"
"colageno-para-piel-colombia.html","https://naturalbe.com.co/colageno-para-piel-colombia.html","noindex","noindex,follow","true","/category.html?q=colageno%20piel","https://naturalbe.com.co/category.html?q=colageno%20piel","true","true","false","meta-robots-noindex|meta-refresh"
"complejo-b-colombia.html","https://naturalbe.com.co/complejo-b-colombia.html","noindex","noindex,follow","true","/category.html?q=complejo%20b","https://naturalbe.com.co/category.html?q=complejo%20b","true","true","false","meta-robots-noindex|meta-refresh"
"comprar-suplementos-colombia.html","https://naturalbe.com.co/comprar-suplementos-colombia.html","noindex","noindex,follow","true","/category.html?q=comprar%20suplementos%20colombia","https://naturalbe.com.co/category.html?q=comprar%20suplementos%20colombia","true","true","false","meta-robots-noindex|meta-refresh"
"devoluciones.html","https://naturalbe.com.co/devoluciones.html","noindex","noindex,follow","true","index.html#devoluciones","https://naturalbe.com.co/index.html","true","false","false","meta-robots-noindex|meta-refresh"
"envios.html","https://naturalbe.com.co/envios.html","noindex","noindex,follow","true","index.html#envios","https://naturalbe.com.co/index.html","true","false","false","meta-robots-noindex|meta-refresh"
"ginseng-colombia.html","https://naturalbe.com.co/ginseng-colombia.html","noindex","noindex,follow","true","category.html?q=ginseng","https://naturalbe.com.co/category.html?q=ginseng","true","false","false","meta-robots-noindex|meta-refresh"
"guia-entrenamiento-con-estrategia.html","https://naturalbe.com.co/guia-entrenamiento-con-estrategia.html","noindex","noindex,follow","true","index.html","https://naturalbe.com.co/index.html","true","false","false","meta-robots-noindex|meta-refresh"
"hombre.html","https://naturalbe.com.co/hombre.html","noindex","noindex,follow","true","category.html?q=hombre","https://naturalbe.com.co/category.html?q=hombre","true","false","false","meta-robots-noindex|meta-refresh"
"multivitaminicos.html","https://naturalbe.com.co/multivitaminicos.html","noindex","noindex,follow","true","/category.html?q=multivitaminico","https://naturalbe.com.co/category.html?q=multivitaminico","true","true","false","meta-robots-noindex|meta-refresh"
"omega-3-bogota.html","https://naturalbe.com.co/omega-3-bogota.html","noindex","noindex,follow","true","category.html?q=omega+bogota","https://naturalbe.com.co/category.html?q=omega+bogota","true","false","false","meta-robots-noindex|meta-refresh"
"privacidad.html","https://naturalbe.com.co/privacidad.html","noindex","noindex,follow","true","index.html#privacidad","https://naturalbe.com.co/index.html","true","false","false","meta-robots-noindex|meta-refresh"
"sobre-natural-be.html","https://naturalbe.com.co/sobre-natural-be.html","noindex","noindex,follow","true","index.html#sobre","https://naturalbe.com.co/index.html","true","false","false","meta-robots-noindex|meta-refresh"
"terminos.html","https://naturalbe.com.co/terminos.html","noindex","noindex,follow","true","index.html#terminos","https://naturalbe.com.co/index.html","true","false","false","meta-robots-noindex|meta-refresh"
"tienda-de-vitaminas-colombia.html","https://naturalbe.com.co/tienda-de-vitaminas-colombia.html","noindex","noindex,follow","true","/category.html?q=tienda%20de%20vitaminas%20colombia","https://naturalbe.com.co/category.html?q=tienda%20de%20vitaminas%20colombia","true","true","false","meta-robots-noindex|meta-refresh"
"tienda-naturista-online-colombia.html","https://naturalbe.com.co/tienda-naturista-online-colombia.html","noindex","noindex,follow","true","/category.html?q=tienda%20naturista%20online%20colombia","https://naturalbe.com.co/category.html?q=tienda%20naturista%20online%20colombia","true","true","false","meta-robots-noindex|meta-refresh"
"vitamina-c-colombia.html","https://naturalbe.com.co/vitamina-c-colombia.html","noindex","noindex,follow","true","/category.html?q=vitamina%20c","https://naturalbe.com.co/category.html?q=vitamina%20c","true","true","false","meta-robots-noindex|meta-refresh"
"vitamina-d3-colombia.html","https://naturalbe.com.co/vitamina-d3-colombia.html","noindex","noindex,follow","true","/category.html?q=vitamina%20d3","https://naturalbe.com.co/category.html?q=vitamina%20d3","true","true","false","meta-robots-noindex|meta-refresh"
"vitamina-e-1000-ui-colombia.html","https://naturalbe.com.co/vitamina-e-1000-ui-colombia.html","noindex","noindex,follow","true","/category.html?q=vitamina%20e%201000%20ui","https://naturalbe.com.co/category.html?q=vitamina%20e%201000%20ui","true","true","false","meta-robots-noindex|meta-refresh"
"vitaminas-medellin.html","https://naturalbe.com.co/vitaminas-medellin.html","noindex","noindex,follow","true","category.html?q=vitaminas","https://naturalbe.com.co/category.html?q=vitaminas","true","false","false","meta-robots-noindex|meta-refresh"
